<?xml version="1.0" encoding="UTF-8"?>
<PE_PROJECT_SETTINGS_DOCUMENTATION>
  <PE_product_version v="version 10.5 for Freescale Microcontrollers" />
  <PE_core_version v="Processor Expert Version 0521" />
  <CPU_Bean name="Cpu" type="MK20DX128EX5">
    <Enabled v="N" />
    <Properties>
      <Component_name v="Cpu" />
      <CPU_type v="MK20DX128VLH5" />
      <Initialization_priority v="minimal priority" />
      <Watchdog_disable v="yes" />
      <group name="Internal peripherals">
        <EmptySection_DummyValue />
      </group>
      <group name="Low power mode settings">
        <EmptySection_DummyValue />
      </group>
      <list name="Clock configurations" v="1">
        <group name="Clock configuration 0">
          <boolgroup name="Very low power mode" v="Disabled" />
          <enumgroup name="Clock source setting" v="configuration 0">
            <MCG_mode v="FEI" />
            <MCG_output__MHz_ v="20.971520000000" />
            <MCGIRCLK_clock__MHz_ v="0.032768" />
            <OSCERCLK_clock__MHz_ v="0" />
            <ERCLK32K__clock__kHz_ v="0.001" />
            <MCGFFCLK__kHz_ v="32.768" />
          </enumgroup>
          <group name="System clocks">
            <Core_clock_prescaler v="Auto select" />
            <Core_clock v="20.971520000000" />
            <Bus_clock_prescaler v="Auto select" />
            <Bus_clock v="20.971520000000" />
            <Flash_clock_prescaler v="Auto select" />
            <Flash_clock v="10.485760000000" />
            <enumgroup name="PLL/FLL clock selection" v="FLL clock">
              <Clock_frequency__MHz_ v="20.971520000000" />
            </enumgroup>
          </group>
        </group>
      </list>
    </Properties>
    <Methods>
      <EmptySection_DummyValue />
    </Methods>
    <Events>
      <Event_module_name v="Events" />
    </Events>
    <Compiler v="GNU C Compiler" />
    <CompilerProperties>
      <Compiler v="GNU C Compiler" />
      <boolgroup name="Generate linker file" v="yes">
        <Stack_size v="1024" />
        <Heap_size v="0" />
        <Set_memory_segments_to_default v="Click to set default &amp;gt;" />
        <Default_memory_for_interrupts v="INTERNAL RAM" />
        <Default_memory_for_code v="INTERNAL RAM" />
        <Default_memory_for_data v="INTERNAL RAM" />
        <list name="ROM/RAM Areas" v="6">
          <group name="MemoryArea0">
            <boolgroup name="ROM/RAM Area" v="Enabled">
              <Name v="m_interrupts" />
              <Qualifier v="RX" />
              <Address v="0" />
              <Size v="248" />
            </boolgroup>
          </group>
          <group name="MemoryArea1">
            <boolgroup name="ROM/RAM Area" v="Disabled" />
          </group>
          <group name="MemoryArea2">
            <boolgroup name="ROM/RAM Area" v="Enabled">
              <Name v="m_text" />
              <Qualifier v="RX" />
              <Address v="1040" />
              <Size v="130032" />
            </boolgroup>
          </group>
          <group name="MemoryArea3">
            <boolgroup name="ROM/RAM Area" v="Disabled" />
          </group>
          <group name="MemoryArea4">
            <boolgroup name="ROM/RAM Area" v="Enabled">
              <Name v="m_data" />
              <Qualifier v="RW" />
              <Address v="536862720" />
              <Size v="8192" />
            </boolgroup>
          </group>
          <group name="MemoryArea5">
            <boolgroup name="ROM/RAM Area" v="Enabled">
              <Name v="m_data_20000000" />
              <Qualifier v="RW" />
              <Address v="536870912" />
              <Size v="8192" />
            </boolgroup>
          </group>
        </list>
      </boolgroup>
    </CompilerProperties>
  </CPU_Bean>
  <CPU_Bean name="Cpu" type="MK20DX128EX5">
    <Enabled v="Y" />
    <Properties>
      <Component_name v="Cpu" />
      <CPU_type v="MK20DX128VLH5" />
      <Initialization_priority v="minimal priority" />
      <Watchdog_disable v="yes" />
      <group name="Internal peripherals">
        <EmptySection_DummyValue />
      </group>
      <group name="Low power mode settings">
        <EmptySection_DummyValue />
      </group>
      <list name="Clock configurations" v="1">
        <group name="Clock configuration 0">
          <boolgroup name="Very low power mode" v="Disabled" />
          <enumgroup name="Clock source setting" v="configuration 0">
            <MCG_mode v="FEI" />
            <MCG_output__MHz_ v="20.971520000000" />
            <MCGIRCLK_clock__MHz_ v="0.032768" />
            <OSCERCLK_clock__MHz_ v="0" />
            <ERCLK32K__clock__kHz_ v="0.001" />
            <MCGFFCLK__kHz_ v="32.768" />
          </enumgroup>
          <group name="System clocks">
            <Core_clock_prescaler v="Auto select" />
            <Core_clock v="20.971520000000" />
            <Bus_clock_prescaler v="Auto select" />
            <Bus_clock v="20.971520000000" />
            <Flash_clock_prescaler v="Auto select" />
            <Flash_clock v="10.485760000000" />
            <enumgroup name="PLL/FLL clock selection" v="FLL clock">
              <Clock_frequency__MHz_ v="20.971520000000" />
            </enumgroup>
          </group>
        </group>
      </list>
    </Properties>
    <Methods>
      <EmptySection_DummyValue />
    </Methods>
    <Events>
      <Event_module_name v="Events" />
    </Events>
    <Compiler v="GNU C Compiler" />
    <CompilerProperties>
      <Compiler v="GNU C Compiler" />
      <enumgroup name="Unhandled vectors" v="One handler for all">
        <Unhandled_int_code>
          <StrgList><![CDATA[/* This code can be changed using the CPU component property "Build Options / Unhandled int code" */
PE_DEBUGHALT();
]]></StrgList>
        </Unhandled_int_code>
      </enumgroup>
      <group name="User initialization">
        <User_data_declarations>
          <StrgList></StrgList>
        </User_data_declarations>
        <User_code_before_PE_initialization>
          <StrgList></StrgList>
        </User_code_before_PE_initialization>
        <User_code_after_PE_initialization>
          <StrgList></StrgList>
        </User_code_after_PE_initialization>
      </group>
      <boolgroup name="Generate debugger files" v="no" />
      <group name="Startup">
        <Add_startup_file v="yes" />
      </group>
      <boolgroup name="Generate linker file" v="yes">
        <Stack_size v="1024" />
        <Heap_size v="0" />
        <Set_memory_segments_to_default v="Click to set default &amp;gt;" />
        <Default_memory_for_interrupts v="INTERNAL FLASH" />
        <Default_memory_for_code v="INTERNAL FLASH" />
        <Default_memory_for_data v="INTERNAL RAM" />
        <list name="ROM/RAM Areas" v="6">
          <group name="MemoryArea0">
            <boolgroup name="ROM/RAM Area" v="Enabled">
              <Name v="m_interrupts" />
              <Qualifier v="RX" />
              <Address v="0" />
              <Size v="248" />
            </boolgroup>
          </group>
          <group name="MemoryArea1">
            <boolgroup name="ROM/RAM Area" v="Disabled" />
          </group>
          <group name="MemoryArea2">
            <boolgroup name="ROM/RAM Area" v="Enabled">
              <Name v="m_text" />
              <Qualifier v="RX" />
              <Address v="1040" />
              <Size v="130032" />
            </boolgroup>
          </group>
          <group name="MemoryArea3">
            <boolgroup name="ROM/RAM Area" v="Disabled" />
          </group>
          <group name="MemoryArea4">
            <boolgroup name="ROM/RAM Area" v="Enabled">
              <Name v="m_data" />
              <Qualifier v="RW" />
              <Address v="536862720" />
              <Size v="8192" />
            </boolgroup>
          </group>
          <group name="MemoryArea5">
            <boolgroup name="ROM/RAM Area" v="Enabled">
              <Name v="m_data_20000000" />
              <Qualifier v="RW" />
              <Address v="536870912" />
              <Size v="8192" />
            </boolgroup>
          </group>
        </list>
      </boolgroup>
    </CompilerProperties>
  </CPU_Bean>
  <Bean name="CI2C1" type="InternalI2C">
    <Enabled v="Y" />
    <Properties>
      <Component_name v="CI2C1" />
      <inhrbean type="I2C_LDD">
        <Enabled v="Y" />
        <Properties>
          <Component_name v="IntI2cLdd1" />
          <I2C_channel v="I2C0" />
          <boolgroup name="Interrupt service" v="Disabled" />
          <group name="Settings">
            <Mode_selection v="MASTER" />
            <boolgroup name="MASTER mode" v="Enabled">
              <group name="Initialization">
                <Address_mode v="7-bit addressing" />
                <Target_slave_address_init v="104" />
              </group>
            </boolgroup>
            <boolgroup name="SLAVE mode" v="Disabled" />
            <group name="Pins">
              <group name="SDA pin">
                <SDA_pin v="ADC0_SE9/TSI0_CH6/PTB1/I2C0_SDA/FTM1_CH1/FTM1_QD_PHB" />
              </group>
              <group name="SCL pin">
                <SCL_pin v="ADC0_SE8/TSI0_CH0/PTB0/LLWU_P5/I2C0_SCL/FTM1_CH0/FTM1_QD_PHA" />
              </group>
              <High_drive_select v="Disabled" />
              <Input_Glitch_filter v="0" />
            </group>
            <Internal_frequency__multiplier_factor_ v="10.48576 MHz" />
            <Bits_0_2_of_Frequency_divider_register v="101" />
            <Bits_3_5_of_Frequency_divider_register v="010" />
            <SCL_frequency v="119.156 kHz" />
            <SDA_Hold v="1.621 us" />
            <SCL_start_Hold v="3.624 us" />
            <SCL_stop_Hold v="4.292 us" />
            <boolgroup name="Control acknowledge bit" v="Disabled" />
            <boolgroup name="Low timeout" v="Disabled" />
          </group>
          <group name="Initialization">
            <Enabled_in_init_code v="yes" />
            <group name="Event mask">
              <OnMasterBlockSent v="Disabled" />
              <OnMasterBlockReceived v="Disabled" />
              <OnMasterByteReceived v="Disabled" />
              <OnSlaveBlockSent v="Disabled" />
              <OnSlaveBlockReceived v="Disabled" />
              <OnSlaveByteReceived v="Disabled" />
              <OnSlaveRxRequest v="Disabled" />
              <OnSlaveTxRequest v="Disabled" />
              <OnSlaveGeneralCallAddr v="Disabled" />
              <OnSlaveSmBusCallAddr v="Disabled" />
              <OnSlaveSmBusAlertResponse v="Disabled" />
              <OnError v="Disabled" />
            </group>
          </group>
        </Properties>
        <Methods>
          <Init v="generate code" />
          <Deinit v="don&amp;apos;t generate code" />
          <Enable v="don&amp;apos;t generate code" />
          <Disable v="don&amp;apos;t generate code" />
          <SetEventMask v="don&amp;apos;t generate code" />
          <GetEventMask v="don&amp;apos;t generate code" />
          <MasterSendBlock v="generate code" />
          <MasterGetBlockSentStatus v="generate code" />
          <MasterGetSentDataNum v="generate code" />
          <MasterReceiveBlock v="generate code" />
          <MasterGetBlockReceivedStatus v="generate code" />
          <MasterGetReceivedDataNum v="generate code" />
          <MasterUpdateReceiveBlockSize v="don&amp;apos;t generate code" />
          <SlaveSendBlock v="don&amp;apos;t generate code" />
          <SlaveGetBlockSentStatus v="don&amp;apos;t generate code" />
          <SlaveGetSentDataNum v="don&amp;apos;t generate code" />
          <SlaveCancelTransmissionBlock v="don&amp;apos;t generate code" />
          <SlaveReceiveBlock v="don&amp;apos;t generate code" />
          <SlaveGetBlockReceivedStatus v="don&amp;apos;t generate code" />
          <SlaveGetReceivedDataNum v="don&amp;apos;t generate code" />
          <SlaveUpdateReceiveBlockSize v="don&amp;apos;t generate code" />
          <SlaveCancelReceptionBlock v="don&amp;apos;t generate code" />
          <SelectSlaveDevice v="generate code" />
          <SendAcknowledge v="don&amp;apos;t generate code" />
          <GetError v="generate code" />
          <CheckBus v="generate code" />
          <GetStats v="don&amp;apos;t generate code" />
          <ClearStats v="don&amp;apos;t generate code" />
          <Main v="generate code" />
          <ConnectPin v="don&amp;apos;t generate code" />
          <SetOperationMode v="don&amp;apos;t generate code" />
          <GetDriverState v="don&amp;apos;t generate code" />
        </Methods>
        <Events>
          <Event_module_name v="Events" />
          <event name="OnMasterBlockSent" v="don&amp;apos;t generate code" />
          <event name="OnMasterBlockReceived" v="don&amp;apos;t generate code" />
          <event name="OnMasterByteReceived" v="don&amp;apos;t generate code" />
          <event name="OnSlaveBlockSent" v="don&amp;apos;t generate code" />
          <event name="OnSlaveBlockReceived" v="don&amp;apos;t generate code" />
          <event name="OnSlaveByteReceived" v="don&amp;apos;t generate code" />
          <event name="OnSlaveRxRequest" v="don&amp;apos;t generate code" />
          <event name="OnSlaveTxRequest" v="don&amp;apos;t generate code" />
          <event name="OnSlaveGeneralCallAddr" v="don&amp;apos;t generate code" />
          <event name="OnSlaveSmBusCallAddr" v="don&amp;apos;t generate code" />
          <event name="OnSlaveSmBusAlertResponse" v="don&amp;apos;t generate code" />
          <event name="OnError" v="don&amp;apos;t generate code" />
        </Events>
      </inhrbean>
      <I2C_channel v="I2C0" />
      <Mode_selection v="MASTER" />
      <boolgroup name="Interrupt service/event" v="Disabled" />
      <boolgroup name="MASTER mode" v="Enabled">
        <Polling_trials v="2000" />
        <Automatic_stop_condition v="yes" />
        <group name="Initialization">
          <Address_mode v="7-bit addressing" />
          <Target_slave_address_init v="104" />
        </group>
      </boolgroup>
      <boolgroup name="SLAVE mode" v="Disabled" />
      <group name="Data and Clock">
        <SDA_pin v="ADC0_SE9/TSI0_CH6/PTB1/I2C0_SDA/FTM1_CH1/FTM1_QD_PHB" />
        <SCL_pin v="ADC0_SE8/TSI0_CH0/PTB0/LLWU_P5/I2C0_SCL/FTM1_CH0/FTM1_QD_PHA" />
        <High_drive_select v="Disabled" />
      </group>
      <Internal_frequency__multiplier_factor_ v="10.48576 MHz" />
      <Bits_0_2_of_Frequency_divider_register v="101" />
      <Bits_3_5_of_Frequency_divider_register v="010" />
      <SCL_frequency v="119.156 kHz" />
      <SDA_Hold v="1.621 us" />
      <Noise__glitch__filter v="0" />
      <boolgroup name="Low timeout" v="Disabled" />
      <Wake_up v="Disabled" />
      <group name="Initialization">
        <Enabled_in_init_code v="yes" />
        <Events_enabled_in_init_ v="yes" />
      </group>
      <group name="CPU clock/speed selection">
        <High_speed_mode v="Enabled" />
        <Low_speed_mode v="Disabled" />
        <Slow_speed_mode v="Disabled" />
      </group>
    </Properties>
    <Methods>
      <Enable v="don&amp;apos;t generate code" />
      <Disable v="don&amp;apos;t generate code" />
      <EnableEvent v="don&amp;apos;t generate code" />
      <DisableEvent v="don&amp;apos;t generate code" />
      <SendChar v="generate code" />
      <RecvChar v="generate code" />
      <SendBlock v="generate code" />
      <RecvBlock v="generate code" />
      <SendStop v="don&amp;apos;t generate code" />
      <ClearTxBuf v="don&amp;apos;t generate code" />
      <ClearRxBuf v="don&amp;apos;t generate code" />
      <GetCharsInTxBuf v="don&amp;apos;t generate code" />
      <GetCharsInRxBuf v="don&amp;apos;t generate code" />
      <SelectSlave v="generate code" />
      <GetSelected v="don&amp;apos;t generate code" />
      <GetSelected10 v="don&amp;apos;t generate code" />
      <SetMode v="don&amp;apos;t generate code" />
      <GetMode v="don&amp;apos;t generate code" />
      <SelectSlave10 v="don&amp;apos;t generate code" />
      <SelectSpecialCommand v="don&amp;apos;t generate code" />
      <CheckBus v="don&amp;apos;t generate code" />
      <ConnectPin v="don&amp;apos;t generate code" />
    </Methods>
    <Events>
      <Event_module_name v="Events" />
      <event name="BeforeNewSpeed" v="don&amp;apos;t generate code" />
      <event name="AfterNewSpeed" v="don&amp;apos;t generate code" />
      <event name="OnReceiveData" v="don&amp;apos;t generate code" />
      <event name="OnTransmitData" v="don&amp;apos;t generate code" />
      <event name="OnByteTransfer" v="don&amp;apos;t generate code" />
      <event name="OnReadReq" v="don&amp;apos;t generate code" />
      <event name="OnWriteReq" v="don&amp;apos;t generate code" />
      <event name="OnRxChar" v="don&amp;apos;t generate code" />
      <event name="OnTxChar" v="don&amp;apos;t generate code" />
      <event name="OnFreeTxBuf" v="don&amp;apos;t generate code" />
      <event name="OnFullRxBuf" v="don&amp;apos;t generate code" />
      <event name="OnArbitLost" v="don&amp;apos;t generate code" />
      <event name="OnNACK" v="don&amp;apos;t generate code" />
      <event name="OnError" v="don&amp;apos;t generate code" />
      <event name="OnTxEmptyChar" v="don&amp;apos;t generate code" />
      <event name="OnGeneralCall" v="don&amp;apos;t generate code" />
      <event name="OnSCLlowTimeout" v="don&amp;apos;t generate code" />
      <event name="OnSDAlowTimeout" v="don&amp;apos;t generate code" />
      <event name="OnSecondAddr" v="don&amp;apos;t generate code" />
      <event name="OnAlertResponse" v="don&amp;apos;t generate code" />
    </Events>
  </Bean>
  <Bean name="WAIT1" type="Wait">
    <Enabled v="Y" />
    <Properties>
      <Component_name v="WAIT1" />
      <boolgroup name="Manual Clock Values" v="Disabled" />
      <Delay100usFunction v="Delay100US" />
      <boolgroup name="RTOS" v="Disabled" />
      <boolgroup name="Watchdog" v="Disabled" />
    </Properties>
    <Methods>
      <Wait10Cycles v="generate code" />
      <Wait100Cycles v="generate code" />
      <WaitCycles v="generate code" />
      <WaitLongCycles v="generate code" />
      <Waitms v="generate code" />
      <Waitus v="generate code" />
      <Waitns v="generate code" />
      <WaitOSms v="generate code" />
    </Methods>
    <Events>
      <EmptySection_DummyValue />
    </Events>
  </Bean>
</PE_PROJECT_SETTINGS_DOCUMENTATION>

